insert into Users (username, first_name, last_name, phone) values ('krawson0', 'Kenneth', 'Rawson', '725-768-7890');
insert into Users (username, first_name, last_name, phone) values ('arudgerd1', 'Adams', 'Rudgerd', '208-899-2411');
insert into Users (username, first_name, last_name, phone) values ('mhandrok2', 'Murvyn', 'Handrok', '334-439-1360');
insert into Users (username, first_name, last_name, phone) values ('cleyzell3', 'Cati', 'Leyzell', '849-692-6035');
insert into Users (username, first_name, last_name, phone) values ('ftrussman4', 'Feodor', 'Trussman', '165-465-2079');
insert into Users (username, first_name, last_name, phone) values ('jtapton5', 'Janet', 'Tapton', '340-321-7136');
insert into Users (username, first_name, last_name, phone) values ('dtarply6', 'Dominica', 'Tarply', '289-783-8198');
insert into Users (username, first_name, last_name, phone) values ('apepperd7', 'Arron', 'Pepperd', '979-914-2621');
insert into Users (username, first_name, last_name, phone) values ('dberrigan8', 'Danielle', 'Berrigan', '554-148-7587');
insert into Users (username, first_name, last_name, phone) values ('hknappitt9', 'Hanan', 'Knappitt', '199-255-3575');
INSERT INTO Discs (name, band) VALUES ('Abbey Road', 'the+beatles');
INSERT INTO Discs (name, band) VALUES ('The Game', 'queen');
INSERT INTO Discs (name, band) VALUES ('Back in Black', 'acdc');
INSERT INTO Discs (name, band) VALUES ('The Joshua Tree',  'u2');
INSERT INTO Discs (name, band) VALUES ('Parachutes','coldplay');
INSERT INTO Discs (name, band) VALUES ('Help!', 'the+beatles');
INSERT INTO Discs (name, band) VALUES ('A Night at the Opera', 'queen');
INSERT INTO Discs (name, band) VALUES ('Highway to Hell', 'acdc');
INSERT INTO Discs (name, band) VALUES ('The Unforgettable Fire','u2');
INSERT INTO Discs (name, band) VALUES ('Viva la Vida or Death and All His Friends','coldplay');
INSERT INTO Bands (name)
VALUES ('the+beatles');

INSERT INTO Bands (name)
VALUES ('queen');

INSERT INTO Bands (name)
VALUES ('acdc');

INSERT INTO Bands (name)
VALUES ('u2');

INSERT INTO Bands (name)
VALUES ('coldplay');

