date,lowest_price,median_price,highest_price
2019-08-30,23.8,54.24,55.0
2019-08-31,23.8,54.24,55.0
2019-09-01,23.8,54.24,55.0
2019-09-02,23.8,54.24,55.0
2019-09-03,23.8,54.24,55.0
2019-09-04,23.8,54.24,55.0
2019-09-05,23.8,54.24,55.0
2019-09-06,23.8,54.24,55.0
2019-09-07,23.8,54.24,55.0
2019-09-08,23.8,54.24,55.0
2019-09-09,23.8,54.24,55.0
2019-09-10,23.8,54.24,55.0
2019-09-11,23.8,54.24,55.0
2019-09-12,23.8,54.24,55.0
2019-09-13,23.8,54.24,55.0
2019-09-14,23.8,54.24,55.0
2019-09-15,23.8,54.24,55.0
2019-09-16,23.8,54.24,55.0
2019-09-17,23.8,54.24,55.0
2019-09-18,23.8,54.24,55.0
2019-09-19,23.8,54.24,55.0
2019-09-20,23.8,54.24,55.0
2019-09-21,23.8,54.24,55.0
2019-09-22,23.8,54.24,55.0
2019-09-23,23.8,54.24,55.0
2019-09-24,23.8,54.24,55.0
2019-09-25,23.8,54.24,55.0
2019-09-26,23.8,54.24,55.0
2019-09-27,23.8,54.24,55.0
2019-09-28,23.8,54.24,55.0
2019-09-29,23.8,54.24,55.0
2019-09-30,23.8,54.24,55.0
2019-10-01,23.8,54.24,55.0
2019-10-02,23.8,54.24,55.0
2019-10-03,23.8,54.24,55.0
2019-10-04,23.8,54.24,55.0
2019-10-05,23.8,54.24,55.0
2019-10-06,23.8,54.24,55.0
2019-10-07,23.8,54.24,55.0
2019-10-08,23.8,54.24,55.0
2019-10-09,23.8,54.24,55.0
2019-10-10,23.8,54.24,55.0
2019-10-11,23.8,54.24,55.0
2019-10-12,23.8,54.24,55.0
2019-10-13,23.8,54.24,55.0
2019-10-14,23.8,54.24,55.0
2019-10-15,23.8,54.24,55.0
2019-10-16,23.8,54.24,55.0
2019-10-17,23.8,54.24,55.0
2019-10-18,23.8,54.24,55.0
2019-10-19,23.8,54.24,55.0
2019-10-20,23.8,54.24,55.0
2019-10-21,23.8,54.24,55.0
2019-10-22,23.8,54.24,55.0
2019-10-23,23.8,54.24,55.0
2019-10-24,23.8,54.24,55.0
2019-10-25,23.8,54.24,55.0
2019-10-26,23.8,54.24,55.0
2019-10-27,23.8,54.24,55.0
2019-10-28,23.8,54.24,55.0
2019-10-29,23.8,54.24,55.0
2019-10-30,23.8,54.24,55.0
2019-10-31,23.8,54.24,55.0
2019-11-01,23.8,54.24,55.0
2019-11-02,23.8,54.24,55.0
2019-11-03,23.8,54.24,55.0
2019-11-04,23.8,54.24,55.0
2019-11-05,23.8,54.24,55.0
2019-11-06,23.8,54.24,55.0
2019-11-07,23.8,54.24,55.0
2019-11-08,23.8,54.24,55.0
2019-11-09,23.8,54.24,55.0
2019-11-10,23.8,54.24,55.0
2019-11-11,23.8,54.24,55.0
2019-11-12,23.8,54.24,55.0
2019-11-13,23.8,54.24,55.0
2019-11-14,23.8,54.24,55.0
2019-11-15,23.8,54.24,55.0
2019-11-16,23.8,54.24,55.0
2019-11-17,23.8,54.24,55.0
2019-11-18,23.8,54.24,55.0
2019-11-19,23.8,54.24,55.0
2019-11-20,23.8,54.24,55.0
2019-11-21,23.8,54.24,55.0
2019-11-22,23.8,54.24,55.0
2019-11-23,23.8,54.24,55.0
2019-11-24,23.8,54.24,55.0
2019-11-25,23.8,54.24,55.0
2019-11-26,23.8,54.24,55.0
2019-11-27,23.8,54.24,55.0
2019-11-28,23.8,54.24,55.0
2019-11-29,23.8,54.24,55.0
2019-11-30,23.8,54.24,55.0
2019-12-01,23.8,54.24,55.0
2019-12-02,23.8,54.24,55.0
2019-12-03,23.8,54.24,55.0
2019-12-04,23.8,54.24,55.0
2019-12-05,25.0,25.0,25.0
2019-12-06,24.4,39.620000000000005,40.0
2019-12-07,24.4,39.620000000000005,40.0
2019-12-08,24.4,39.620000000000005,40.0
2019-12-09,24.4,39.620000000000005,40.0
2019-12-10,24.4,39.620000000000005,40.0
2019-12-11,24.4,39.620000000000005,40.0
2019-12-12,24.4,39.620000000000005,40.0
2019-12-13,24.4,39.620000000000005,40.0
2019-12-14,24.4,39.620000000000005,40.0
2019-12-15,24.4,39.620000000000005,40.0
2019-12-16,24.4,39.620000000000005,40.0
2019-12-17,24.4,39.620000000000005,40.0
2019-12-18,24.4,39.620000000000005,40.0
2019-12-19,24.4,39.620000000000005,40.0
2019-12-20,24.4,39.620000000000005,40.0
2019-12-21,24.4,39.620000000000005,40.0
2019-12-22,24.4,39.620000000000005,40.0
2019-12-23,24.4,39.620000000000005,40.0
2019-12-24,24.4,39.620000000000005,40.0
2019-12-25,24.4,39.620000000000005,40.0
2019-12-26,24.4,39.620000000000005,40.0
2019-12-27,24.4,39.620000000000005,40.0
2019-12-28,24.4,39.620000000000005,40.0
2019-12-29,24.4,39.620000000000005,40.0
2019-12-30,24.4,39.620000000000005,40.0
2019-12-31,24.4,39.620000000000005,40.0
2020-01-01,24.4,39.620000000000005,40.0
2020-01-02,24.4,39.620000000000005,40.0
2020-01-03,24.4,39.620000000000005,40.0
2020-01-04,24.4,39.620000000000005,40.0
2020-01-05,24.4,39.620000000000005,40.0
2020-01-06,24.4,39.620000000000005,40.0
2020-01-07,24.4,39.620000000000005,40.0
2020-01-08,24.4,39.620000000000005,40.0
2020-01-09,24.4,39.620000000000005,40.0
2020-01-10,24.4,39.620000000000005,40.0
2020-01-11,24.4,39.620000000000005,40.0
2020-01-12,24.4,39.620000000000005,40.0
2020-01-13,24.4,39.620000000000005,40.0
2020-01-14,24.4,39.620000000000005,40.0
2020-01-15,24.4,39.620000000000005,40.0
2020-01-16,24.4,39.620000000000005,40.0
2020-01-17,24.4,39.620000000000005,40.0
2020-01-18,24.4,39.620000000000005,40.0
2020-01-19,24.4,39.620000000000005,40.0
2020-01-20,24.4,39.620000000000005,40.0
2020-01-21,24.4,39.620000000000005,40.0
2020-01-22,24.4,39.620000000000005,40.0
2020-01-23,24.4,39.620000000000005,40.0
2020-01-24,24.4,39.620000000000005,40.0
2020-01-25,24.4,39.620000000000005,40.0
2020-01-26,24.4,39.620000000000005,40.0
2020-01-27,24.4,39.620000000000005,40.0
2020-01-28,24.4,39.620000000000005,40.0
2020-01-29,24.4,39.620000000000005,40.0
2020-01-30,24.4,39.620000000000005,40.0
2020-01-31,24.4,39.620000000000005,40.0
2020-02-01,24.4,39.620000000000005,40.0
2020-02-02,24.4,39.620000000000005,40.0
2020-02-03,24.4,39.620000000000005,40.0
2020-02-04,24.4,39.620000000000005,40.0
2020-02-05,24.4,39.620000000000005,40.0
2020-02-06,24.4,39.620000000000005,40.0
2020-02-07,24.4,39.620000000000005,40.0
2020-02-08,24.4,39.620000000000005,40.0
2020-02-09,24.4,39.620000000000005,40.0
2020-02-10,24.4,39.620000000000005,40.0
2020-02-11,24.4,39.620000000000005,40.0
2020-02-12,24.4,39.620000000000005,40.0
2020-02-13,24.4,39.620000000000005,40.0
2020-02-14,24.4,39.620000000000005,40.0
2020-02-15,24.4,39.620000000000005,40.0
2020-02-16,24.4,39.620000000000005,40.0
2020-02-17,24.4,39.620000000000005,40.0
2020-02-18,24.4,39.620000000000005,40.0
2020-02-19,24.4,39.620000000000005,40.0
2020-02-20,24.4,39.620000000000005,40.0
2020-02-21,24.4,39.620000000000005,40.0
2020-02-22,24.4,39.620000000000005,40.0
2020-02-23,24.4,39.620000000000005,40.0
2020-02-24,24.4,39.620000000000005,40.0
2020-02-25,24.4,39.620000000000005,40.0
2020-02-26,24.4,39.620000000000005,40.0
2020-02-27,24.4,39.620000000000005,40.0
2020-02-28,24.4,39.620000000000005,40.0
2020-02-29,24.4,39.620000000000005,40.0
2020-03-01,24.4,39.620000000000005,40.0
2020-03-02,24.4,39.620000000000005,40.0
2020-03-03,24.4,39.620000000000005,40.0
2020-03-04,24.4,39.620000000000005,40.0
2020-03-05,24.4,39.620000000000005,40.0
2020-03-06,24.4,39.620000000000005,40.0
2020-03-07,24.4,39.620000000000005,40.0
2020-03-08,24.4,39.620000000000005,40.0
2020-03-09,24.4,39.620000000000005,40.0
2020-03-10,24.4,39.620000000000005,40.0
2020-03-11,24.4,39.620000000000005,40.0
2020-03-12,24.4,39.620000000000005,40.0
2020-03-13,24.4,39.620000000000005,40.0
2020-03-14,24.4,39.620000000000005,40.0
2020-03-15,24.4,39.620000000000005,40.0
2020-03-16,24.4,39.620000000000005,40.0
2020-03-17,24.4,39.620000000000005,40.0
2020-03-18,24.4,39.620000000000005,40.0
2020-03-19,24.4,39.620000000000005,40.0
2020-03-20,24.4,39.620000000000005,40.0
2020-03-21,24.4,39.620000000000005,40.0
2020-03-22,24.4,39.620000000000005,40.0
2020-03-23,24.4,39.620000000000005,40.0
2020-03-24,24.4,39.620000000000005,40.0
2020-03-25,16.62,16.62,16.62
2020-03-26,21.80666666666667,31.953333333333333,32.20666666666667
2020-03-27,21.80666666666667,31.953333333333333,32.20666666666667
2020-03-28,21.80666666666667,31.953333333333333,32.20666666666667
2020-03-29,21.80666666666667,31.953333333333333,32.20666666666667
2020-03-30,21.80666666666667,31.953333333333333,32.20666666666667
2020-03-31,21.80666666666667,31.953333333333333,32.20666666666667
2020-04-01,21.80666666666667,31.953333333333333,32.20666666666667
2020-04-02,21.80666666666667,31.953333333333333,32.20666666666667
2020-04-03,21.80666666666667,31.953333333333333,32.20666666666667
2020-04-04,21.80666666666667,31.953333333333333,32.20666666666667
2020-04-05,21.80666666666667,31.953333333333333,32.20666666666667
2020-04-06,21.80666666666667,31.953333333333333,32.20666666666667
2020-04-07,21.80666666666667,31.953333333333333,32.20666666666667
2020-04-08,21.80666666666667,31.953333333333333,32.20666666666667
2020-04-09,21.80666666666667,31.953333333333333,32.20666666666667
2020-04-10,21.80666666666667,31.953333333333333,32.20666666666667
2020-04-11,21.80666666666667,31.953333333333333,32.20666666666667
2020-04-12,21.80666666666667,31.953333333333333,32.20666666666667
2020-04-13,21.80666666666667,31.953333333333333,32.20666666666667
2020-04-14,21.80666666666667,31.953333333333333,32.20666666666667
2020-04-15,21.80666666666667,31.953333333333333,32.20666666666667
2020-04-16,21.80666666666667,31.953333333333333,32.20666666666667
2020-04-17,21.80666666666667,31.953333333333333,32.20666666666667
2020-04-18,21.80666666666667,31.953333333333333,32.20666666666667
2020-04-19,21.80666666666667,31.953333333333333,32.20666666666667
2020-04-20,21.80666666666667,31.953333333333333,32.20666666666667
2020-04-21,21.80666666666667,31.953333333333333,32.20666666666667
2020-04-22,21.80666666666667,31.953333333333333,32.20666666666667
2020-04-23,21.80666666666667,31.953333333333333,32.20666666666667
2020-04-24,21.80666666666667,31.953333333333333,32.20666666666667
2020-04-25,21.80666666666667,31.953333333333333,32.20666666666667
2020-04-26,21.80666666666667,31.953333333333333,32.20666666666667
2020-04-27,21.80666666666667,31.953333333333333,32.20666666666667
2020-04-28,21.80666666666667,31.953333333333333,32.20666666666667
2020-04-29,21.80666666666667,31.953333333333333,32.20666666666667
2020-04-30,21.80666666666667,31.953333333333333,32.20666666666667
2020-05-01,21.80666666666667,31.953333333333333,32.20666666666667
2020-05-02,21.80666666666667,31.953333333333333,32.20666666666667
2020-05-03,21.80666666666667,31.953333333333333,32.20666666666667
2020-05-04,21.80666666666667,31.953333333333333,32.20666666666667
2020-05-05,21.80666666666667,31.953333333333333,32.20666666666667
2020-05-06,21.80666666666667,31.953333333333333,32.20666666666667
2020-05-07,21.80666666666667,31.953333333333333,32.20666666666667
2020-05-08,21.80666666666667,31.953333333333333,32.20666666666667
2020-05-09,21.80666666666667,31.953333333333333,32.20666666666667
2020-05-10,21.80666666666667,31.953333333333333,32.20666666666667
2020-05-11,21.80666666666667,31.953333333333333,32.20666666666667
2020-05-12,21.80666666666667,31.953333333333333,32.20666666666667
2020-05-13,21.80666666666667,31.953333333333333,32.20666666666667
2020-05-14,21.80666666666667,31.953333333333333,32.20666666666667
2020-05-15,21.80666666666667,31.953333333333333,32.20666666666667
2020-05-16,21.80666666666667,31.953333333333333,32.20666666666667
2020-05-17,21.80666666666667,31.953333333333333,32.20666666666667
2020-05-18,21.80666666666667,31.953333333333333,32.20666666666667
2020-05-19,21.80666666666667,31.953333333333333,32.20666666666667
2020-05-20,21.80666666666667,31.953333333333333,32.20666666666667
2020-05-21,21.80666666666667,31.953333333333333,32.20666666666667
2020-05-22,21.80666666666667,31.953333333333333,32.20666666666667
2020-05-23,21.80666666666667,31.953333333333333,32.20666666666667
2020-05-24,21.80666666666667,31.953333333333333,32.20666666666667
2020-05-25,21.80666666666667,31.953333333333333,32.20666666666667
2020-05-26,21.80666666666667,31.953333333333333,32.20666666666667
2020-05-27,21.80666666666667,31.953333333333333,32.20666666666667
2020-05-28,21.80666666666667,31.953333333333333,32.20666666666667
2020-05-29,21.80666666666667,31.953333333333333,32.20666666666667
2020-05-30,21.80666666666667,31.953333333333333,32.20666666666667
2020-05-31,21.80666666666667,31.953333333333333,32.20666666666667
2020-06-01,21.80666666666667,31.953333333333333,32.20666666666667
2020-06-02,21.80666666666667,31.953333333333333,32.20666666666667
2020-06-03,21.80666666666667,31.953333333333333,32.20666666666667
2020-06-04,21.80666666666667,31.953333333333333,32.20666666666667
2020-06-05,21.80666666666667,31.953333333333333,32.20666666666667
2020-06-06,21.80666666666667,31.953333333333333,32.20666666666667
2020-06-07,21.80666666666667,31.953333333333333,32.20666666666667
2020-06-08,21.80666666666667,31.953333333333333,32.20666666666667
2020-06-09,21.80666666666667,31.953333333333333,32.20666666666667
2020-06-10,21.80666666666667,31.953333333333333,32.20666666666667
2020-06-11,21.80666666666667,31.953333333333333,32.20666666666667
2020-06-12,21.80666666666667,31.953333333333333,32.20666666666667
2020-06-13,21.80666666666667,31.953333333333333,32.20666666666667
2020-06-14,21.80666666666667,31.953333333333333,32.20666666666667
2020-06-15,21.80666666666667,31.953333333333333,32.20666666666667
2020-06-16,21.80666666666667,31.953333333333333,32.20666666666667
2020-06-17,21.80666666666667,31.953333333333333,32.20666666666667
2020-06-18,21.80666666666667,31.953333333333333,32.20666666666667
2020-06-19,21.80666666666667,31.953333333333333,32.20666666666667
2020-06-20,21.80666666666667,31.953333333333333,32.20666666666667
2020-06-21,21.80666666666667,31.953333333333333,32.20666666666667
2020-06-22,21.80666666666667,31.953333333333333,32.20666666666667
2020-06-23,21.80666666666667,31.953333333333333,32.20666666666667
2020-06-24,21.80666666666667,31.953333333333333,32.20666666666667
2020-06-25,21.80666666666667,31.953333333333333,32.20666666666667
2020-06-26,21.80666666666667,31.953333333333333,32.20666666666667
2020-06-27,21.80666666666667,31.953333333333333,32.20666666666667
2020-06-28,21.80666666666667,31.953333333333333,32.20666666666667
2020-06-29,21.80666666666667,31.953333333333333,32.20666666666667
2020-06-30,21.80666666666667,31.953333333333333,32.20666666666667
2020-07-01,21.80666666666667,31.953333333333333,32.20666666666667
2020-07-02,21.80666666666667,31.953333333333333,32.20666666666667
2020-07-03,21.80666666666667,31.953333333333333,32.20666666666667
2020-07-04,21.80666666666667,31.953333333333333,32.20666666666667
2020-07-05,21.80666666666667,31.953333333333333,32.20666666666667
2020-07-06,21.80666666666667,31.953333333333333,32.20666666666667
2020-07-07,21.80666666666667,31.953333333333333,32.20666666666667
2020-07-08,21.80666666666667,31.953333333333333,32.20666666666667
2020-07-09,21.80666666666667,31.953333333333333,32.20666666666667
2020-07-10,21.80666666666667,31.953333333333333,32.20666666666667
2020-07-11,21.80666666666667,31.953333333333333,32.20666666666667
2020-07-12,21.80666666666667,31.953333333333333,32.20666666666667
2020-07-13,21.80666666666667,31.953333333333333,32.20666666666667
2020-07-14,21.80666666666667,31.953333333333333,32.20666666666667
2020-07-15,21.80666666666667,31.953333333333333,32.20666666666667
2020-07-16,21.80666666666667,31.953333333333333,32.20666666666667
2020-07-17,21.80666666666667,31.953333333333333,32.20666666666667
2020-07-18,21.80666666666667,31.953333333333333,32.20666666666667
2020-07-19,21.80666666666667,31.953333333333333,32.20666666666667
2020-07-20,21.80666666666667,31.953333333333333,32.20666666666667
2020-07-21,21.80666666666667,31.953333333333333,32.20666666666667
2020-07-22,21.80666666666667,31.953333333333333,32.20666666666667
2020-07-23,21.80666666666667,31.953333333333333,32.20666666666667
2020-07-24,21.80666666666667,31.953333333333333,32.20666666666667
2020-07-25,21.80666666666667,31.953333333333333,32.20666666666667
2020-07-26,21.80666666666667,31.953333333333333,32.20666666666667
2020-07-27,21.80666666666667,31.953333333333333,32.20666666666667
2020-07-28,21.80666666666667,31.953333333333333,32.20666666666667
2020-07-29,21.80666666666667,31.953333333333333,32.20666666666667
2020-07-30,21.80666666666667,31.953333333333333,32.20666666666667
2020-07-31,21.80666666666667,31.953333333333333,32.20666666666667
2020-08-01,21.80666666666667,31.953333333333333,32.20666666666667
2020-08-02,21.80666666666667,31.953333333333333,32.20666666666667
2020-08-03,21.80666666666667,31.953333333333333,32.20666666666667
2020-08-04,21.80666666666667,31.953333333333333,32.20666666666667
2020-08-05,21.80666666666667,31.953333333333333,32.20666666666667
2020-08-06,21.80666666666667,31.953333333333333,32.20666666666667
2020-08-07,21.80666666666667,31.953333333333333,32.20666666666667
2020-08-08,21.80666666666667,31.953333333333333,32.20666666666667
2020-08-09,21.80666666666667,31.953333333333333,32.20666666666667
2020-08-10,21.80666666666667,31.953333333333333,32.20666666666667
2020-08-11,21.80666666666667,31.953333333333333,32.20666666666667
2020-08-12,21.80666666666667,31.953333333333333,32.20666666666667
2020-08-13,21.80666666666667,31.953333333333333,32.20666666666667
2020-08-14,21.80666666666667,31.953333333333333,32.20666666666667
2020-08-15,21.80666666666667,31.953333333333333,32.20666666666667
2020-08-16,21.80666666666667,31.953333333333333,32.20666666666667
2020-08-17,21.80666666666667,31.953333333333333,32.20666666666667
2020-08-18,21.80666666666667,31.953333333333333,32.20666666666667
2020-08-19,21.80666666666667,31.953333333333333,32.20666666666667
2020-08-20,21.80666666666667,31.953333333333333,32.20666666666667
2020-08-21,21.80666666666667,31.953333333333333,32.20666666666667
2020-08-22,21.80666666666667,31.953333333333333,32.20666666666667
2020-08-23,21.80666666666667,31.953333333333333,32.20666666666667
2020-08-24,21.80666666666667,31.953333333333333,32.20666666666667
2020-08-25,21.80666666666667,31.953333333333333,32.20666666666667
2020-08-26,21.80666666666667,31.953333333333333,32.20666666666667
2020-08-27,21.80666666666667,31.953333333333333,32.20666666666667
2020-08-28,21.80666666666667,31.953333333333333,32.20666666666667
2020-08-29,21.80666666666667,31.953333333333333,32.20666666666667
2020-08-30,21.80666666666667,31.953333333333333,32.20666666666667
2020-08-31,21.80666666666667,31.953333333333333,32.20666666666667
2020-09-01,21.80666666666667,31.953333333333333,32.20666666666667
2020-09-02,21.80666666666667,31.953333333333333,32.20666666666667
2020-09-03,21.80666666666667,31.953333333333333,32.20666666666667
2020-09-04,21.80666666666667,31.953333333333333,32.20666666666667
2020-09-05,21.80666666666667,31.953333333333333,32.20666666666667
2020-09-06,21.80666666666667,31.953333333333333,32.20666666666667
2020-09-07,21.80666666666667,31.953333333333333,32.20666666666667
2020-09-08,21.80666666666667,31.953333333333333,32.20666666666667
2020-09-09,21.80666666666667,31.953333333333333,32.20666666666667
2020-09-10,21.80666666666667,31.953333333333333,32.20666666666667
2020-09-11,21.80666666666667,31.953333333333333,32.20666666666667
2020-09-12,21.80666666666667,31.953333333333333,32.20666666666667
2020-09-13,21.80666666666667,31.953333333333333,32.20666666666667
2020-09-14,21.80666666666667,31.953333333333333,32.20666666666667
2020-09-15,21.80666666666667,31.953333333333333,32.20666666666667
2020-09-16,21.80666666666667,31.953333333333333,32.20666666666667
2020-09-17,21.80666666666667,31.953333333333333,32.20666666666667
2020-09-18,21.80666666666667,31.953333333333333,32.20666666666667
2020-09-19,21.80666666666667,31.953333333333333,32.20666666666667
2020-09-20,21.80666666666667,31.953333333333333,32.20666666666667
2020-09-21,21.80666666666667,31.953333333333333,32.20666666666667
2020-09-22,21.80666666666667,31.953333333333333,32.20666666666667
2020-09-23,21.80666666666667,31.953333333333333,32.20666666666667
2020-09-24,21.80666666666667,31.953333333333333,32.20666666666667
2020-09-25,21.80666666666667,31.953333333333333,32.20666666666667
2020-09-26,21.80666666666667,31.953333333333333,32.20666666666667
2020-09-27,21.80666666666667,31.953333333333333,32.20666666666667
2020-09-28,21.80666666666667,31.953333333333333,32.20666666666667
2020-09-29,21.80666666666667,31.953333333333333,32.20666666666667
2020-09-30,21.80666666666667,31.953333333333333,32.20666666666667
2020-10-01,21.80666666666667,31.953333333333333,32.20666666666667
2020-10-02,21.80666666666667,31.953333333333333,32.20666666666667
2020-10-03,21.80666666666667,31.953333333333333,32.20666666666667
2020-10-04,21.80666666666667,31.953333333333333,32.20666666666667
2020-10-05,21.80666666666667,31.953333333333333,32.20666666666667
2020-10-06,21.80666666666667,31.953333333333333,32.20666666666667
2020-10-07,21.80666666666667,31.953333333333333,32.20666666666667
2020-10-08,21.80666666666667,31.953333333333333,32.20666666666667
2020-10-09,21.80666666666667,31.953333333333333,32.20666666666667
2020-10-10,21.80666666666667,31.953333333333333,32.20666666666667
2020-10-11,21.80666666666667,31.953333333333333,32.20666666666667
2020-10-12,21.80666666666667,31.953333333333333,32.20666666666667
2020-10-13,21.80666666666667,31.953333333333333,32.20666666666667
2020-10-14,21.80666666666667,31.953333333333333,32.20666666666667
2020-10-15,21.80666666666667,31.953333333333333,32.20666666666667
2020-10-16,21.80666666666667,31.953333333333333,32.20666666666667
2020-10-17,21.80666666666667,31.953333333333333,32.20666666666667
2020-10-18,21.80666666666667,31.953333333333333,32.20666666666667
2020-10-19,21.80666666666667,31.953333333333333,32.20666666666667
2020-10-20,21.80666666666667,31.953333333333333,32.20666666666667
2020-10-21,21.80666666666667,31.953333333333333,32.20666666666667
2020-10-22,21.80666666666667,31.953333333333333,32.20666666666667
2020-10-23,21.80666666666667,31.953333333333333,32.20666666666667
2020-10-24,21.80666666666667,31.953333333333333,32.20666666666667
2020-10-25,21.80666666666667,31.953333333333333,32.20666666666667
2020-10-26,21.80666666666667,31.953333333333333,32.20666666666667
2020-10-27,21.80666666666667,31.953333333333333,32.20666666666667
2020-10-28,21.80666666666667,31.953333333333333,32.20666666666667
2020-10-29,21.80666666666667,31.953333333333333,32.20666666666667
2020-10-30,21.80666666666667,31.953333333333333,32.20666666666667
2020-10-31,21.80666666666667,31.953333333333333,32.20666666666667
2020-11-01,21.80666666666667,31.953333333333333,32.20666666666667
2020-11-02,21.80666666666667,31.953333333333333,32.20666666666667
2020-11-03,21.80666666666667,31.953333333333333,32.20666666666667
2020-11-04,21.80666666666667,31.953333333333333,32.20666666666667
2020-11-05,21.80666666666667,31.953333333333333,32.20666666666667
2020-11-06,21.80666666666667,31.953333333333333,32.20666666666667
2020-11-07,21.80666666666667,31.953333333333333,32.20666666666667
2020-11-08,21.80666666666667,31.953333333333333,32.20666666666667
2020-11-09,21.80666666666667,31.953333333333333,32.20666666666667
2020-11-10,21.80666666666667,31.953333333333333,32.20666666666667
2020-11-11,21.80666666666667,31.953333333333333,32.20666666666667
2020-11-12,21.80666666666667,31.953333333333333,32.20666666666667
2020-11-13,21.80666666666667,31.953333333333333,32.20666666666667
2020-11-14,21.80666666666667,31.953333333333333,32.20666666666667
2020-11-15,21.80666666666667,31.953333333333333,32.20666666666667
2020-11-16,21.80666666666667,31.953333333333333,32.20666666666667
2020-11-17,21.80666666666667,31.953333333333333,32.20666666666667
2020-11-18,21.80666666666667,31.953333333333333,32.20666666666667
2020-11-19,21.80666666666667,31.953333333333333,32.20666666666667
2020-11-20,21.80666666666667,31.953333333333333,32.20666666666667
2020-11-21,21.80666666666667,31.953333333333333,32.20666666666667
2020-11-22,21.80666666666667,31.953333333333333,32.20666666666667
2020-11-23,21.80666666666667,31.953333333333333,32.20666666666667
2020-11-24,21.80666666666667,31.953333333333333,32.20666666666667
2020-11-25,21.80666666666667,31.953333333333333,32.20666666666667
2020-11-26,21.80666666666667,31.953333333333333,32.20666666666667
2020-11-27,21.80666666666667,31.953333333333333,32.20666666666667
2020-11-28,21.80666666666667,31.953333333333333,32.20666666666667
2020-11-29,21.80666666666667,31.953333333333333,32.20666666666667
2020-11-30,21.80666666666667,31.953333333333333,32.20666666666667
2020-12-01,21.80666666666667,31.953333333333333,32.20666666666667
2020-12-02,21.80666666666667,31.953333333333333,32.20666666666667
2020-12-03,21.80666666666667,31.953333333333333,32.20666666666667
2020-12-04,21.80666666666667,31.953333333333333,32.20666666666667
2020-12-05,21.80666666666667,31.953333333333333,32.20666666666667
2020-12-06,21.80666666666667,31.953333333333333,32.20666666666667
2020-12-07,21.80666666666667,31.953333333333333,32.20666666666667
2020-12-08,21.80666666666667,31.953333333333333,32.20666666666667
2020-12-09,21.80666666666667,31.953333333333333,32.20666666666667
2020-12-10,21.80666666666667,31.953333333333333,32.20666666666667
2020-12-11,21.80666666666667,31.953333333333333,32.20666666666667
2020-12-12,21.80666666666667,31.953333333333333,32.20666666666667
2020-12-13,21.80666666666667,31.953333333333333,32.20666666666667
2020-12-14,21.80666666666667,31.953333333333333,32.20666666666667
2020-12-15,21.80666666666667,31.953333333333333,32.20666666666667
2020-12-16,21.80666666666667,31.953333333333333,32.20666666666667
2020-12-17,21.80666666666667,31.953333333333333,32.20666666666667
2020-12-18,21.80666666666667,31.953333333333333,32.20666666666667
2020-12-19,21.80666666666667,31.953333333333333,32.20666666666667
2020-12-20,21.80666666666667,31.953333333333333,32.20666666666667
2020-12-21,21.80666666666667,31.953333333333333,32.20666666666667
2020-12-22,21.80666666666667,31.953333333333333,32.20666666666667
2020-12-23,21.80666666666667,31.953333333333333,32.20666666666667
2020-12-24,21.80666666666667,31.953333333333333,32.20666666666667
2020-12-25,21.80666666666667,31.953333333333333,32.20666666666667
2020-12-26,21.80666666666667,31.953333333333333,32.20666666666667
2020-12-27,21.80666666666667,31.953333333333333,32.20666666666667
2020-12-28,21.80666666666667,31.953333333333333,32.20666666666667
2020-12-29,21.80666666666667,31.953333333333333,32.20666666666667
2020-12-30,21.80666666666667,31.953333333333333,32.20666666666667
2020-12-31,21.80666666666667,31.953333333333333,32.20666666666667
2021-01-01,21.80666666666667,31.953333333333333,32.20666666666667
2021-01-02,21.80666666666667,31.953333333333333,32.20666666666667
2021-01-03,21.80666666666667,31.953333333333333,32.20666666666667
2021-01-04,21.80666666666667,31.953333333333333,32.20666666666667
2021-01-05,21.80666666666667,31.953333333333333,32.20666666666667
2021-01-06,21.80666666666667,31.953333333333333,32.20666666666667
2021-01-07,21.80666666666667,31.953333333333333,32.20666666666667
2021-01-08,21.80666666666667,31.953333333333333,32.20666666666667
2021-01-09,21.80666666666667,31.953333333333333,32.20666666666667
2021-01-10,21.80666666666667,31.953333333333333,32.20666666666667
2021-01-11,21.80666666666667,31.953333333333333,32.20666666666667
2021-01-12,21.80666666666667,31.953333333333333,32.20666666666667
2021-01-13,21.80666666666667,31.953333333333333,32.20666666666667
2021-01-14,21.80666666666667,31.953333333333333,32.20666666666667
2021-01-15,21.80666666666667,31.953333333333333,32.20666666666667
2021-01-16,21.80666666666667,31.953333333333333,32.20666666666667
2021-01-17,21.80666666666667,31.953333333333333,32.20666666666667
2021-01-18,21.80666666666667,31.953333333333333,32.20666666666667
2021-01-19,21.80666666666667,31.953333333333333,32.20666666666667
2021-01-20,21.80666666666667,31.953333333333333,32.20666666666667
2021-01-21,21.80666666666667,31.953333333333333,32.20666666666667
2021-01-22,21.80666666666667,31.953333333333333,32.20666666666667
2021-01-23,21.80666666666667,31.953333333333333,32.20666666666667
2021-01-24,21.80666666666667,31.953333333333333,32.20666666666667
2021-01-25,21.80666666666667,31.953333333333333,32.20666666666667
2021-01-26,21.80666666666667,31.953333333333333,32.20666666666667
2021-01-27,21.80666666666667,31.953333333333333,32.20666666666667
2021-01-28,21.80666666666667,31.953333333333333,32.20666666666667
2021-01-29,21.80666666666667,31.953333333333333,32.20666666666667
2021-01-30,21.80666666666667,31.953333333333333,32.20666666666667
2021-01-31,21.80666666666667,31.953333333333333,32.20666666666667
2021-02-01,21.80666666666667,31.953333333333333,32.20666666666667
2021-02-02,21.80666666666667,31.953333333333333,32.20666666666667
2021-02-03,21.80666666666667,31.953333333333333,32.20666666666667
2021-02-04,21.80666666666667,31.953333333333333,32.20666666666667
2021-02-05,21.80666666666667,31.953333333333333,32.20666666666667
2021-02-06,21.80666666666667,31.953333333333333,32.20666666666667
2021-02-07,21.80666666666667,31.953333333333333,32.20666666666667
2021-02-08,21.80666666666667,31.953333333333333,32.20666666666667
2021-02-09,21.80666666666667,31.953333333333333,32.20666666666667
2021-02-10,21.80666666666667,31.953333333333333,32.20666666666667
2021-02-11,21.80666666666667,31.953333333333333,32.20666666666667
2021-02-12,21.80666666666667,31.953333333333333,32.20666666666667
2021-02-13,21.80666666666667,31.953333333333333,32.20666666666667
2021-02-14,21.80666666666667,31.953333333333333,32.20666666666667
2021-02-15,21.80666666666667,31.953333333333333,32.20666666666667
2021-02-16,21.80666666666667,31.953333333333333,32.20666666666667
2021-02-17,21.80666666666667,31.953333333333333,32.20666666666667
2021-02-18,21.80666666666667,31.953333333333333,32.20666666666667
2021-02-19,21.80666666666667,31.953333333333333,32.20666666666667
2021-02-20,21.80666666666667,31.953333333333333,32.20666666666667
2021-02-21,21.80666666666667,31.953333333333333,32.20666666666667
2021-02-22,21.80666666666667,31.953333333333333,32.20666666666667
2021-02-23,21.80666666666667,31.953333333333333,32.20666666666667
2021-02-24,21.80666666666667,31.953333333333333,32.20666666666667
2021-02-25,21.80666666666667,31.953333333333333,32.20666666666667
2021-02-26,21.80666666666667,31.953333333333333,32.20666666666667
2021-02-27,21.80666666666667,31.953333333333333,32.20666666666667
2021-02-28,21.80666666666667,31.953333333333333,32.20666666666667
2021-03-01,21.80666666666667,31.953333333333333,32.20666666666667
2021-03-02,21.80666666666667,31.953333333333333,32.20666666666667
2021-03-03,21.80666666666667,31.953333333333333,32.20666666666667
2021-03-04,21.80666666666667,31.953333333333333,32.20666666666667
2021-03-05,21.80666666666667,31.953333333333333,32.20666666666667
2021-03-06,21.80666666666667,31.953333333333333,32.20666666666667
2021-03-07,21.80666666666667,31.953333333333333,32.20666666666667
2021-03-08,21.80666666666667,31.953333333333333,32.20666666666667
2021-03-09,21.80666666666667,31.953333333333333,32.20666666666667
2021-03-10,21.80666666666667,31.953333333333333,32.20666666666667
2021-03-11,21.80666666666667,31.953333333333333,32.20666666666667
2021-03-12,21.80666666666667,31.953333333333333,32.20666666666667
2021-03-13,21.80666666666667,31.953333333333333,32.20666666666667
2021-03-14,21.80666666666667,31.953333333333333,32.20666666666667
2021-03-15,21.80666666666667,31.953333333333333,32.20666666666667
2021-03-16,21.80666666666667,31.953333333333333,32.20666666666667
2021-03-17,21.80666666666667,31.953333333333333,32.20666666666667
2021-03-18,21.80666666666667,31.953333333333333,32.20666666666667
2021-03-19,21.80666666666667,31.953333333333333,32.20666666666667
2021-03-20,21.80666666666667,31.953333333333333,32.20666666666667
2021-03-21,21.80666666666667,31.953333333333333,32.20666666666667
2021-03-22,21.80666666666667,31.953333333333333,32.20666666666667
2021-03-23,21.80666666666667,31.953333333333333,32.20666666666667
2021-03-24,21.80666666666667,31.953333333333333,32.20666666666667
2021-03-25,21.80666666666667,31.953333333333333,32.20666666666667
2021-03-26,21.80666666666667,31.953333333333333,32.20666666666667
2021-03-27,21.80666666666667,31.953333333333333,32.20666666666667
2021-03-28,21.80666666666667,31.953333333333333,32.20666666666667
2021-03-29,21.80666666666667,31.953333333333333,32.20666666666667
2021-03-30,21.80666666666667,31.953333333333333,32.20666666666667
2021-03-31,21.80666666666667,31.953333333333333,32.20666666666667
2021-04-01,21.80666666666667,31.953333333333333,32.20666666666667
2021-04-02,21.80666666666667,31.953333333333333,32.20666666666667
2021-04-03,21.80666666666667,31.953333333333333,32.20666666666667
2021-04-04,21.80666666666667,31.953333333333333,32.20666666666667
2021-04-05,21.80666666666667,31.953333333333333,32.20666666666667
2021-04-06,21.80666666666667,31.953333333333333,32.20666666666667
2021-04-07,21.80666666666667,31.953333333333333,32.20666666666667
2021-04-08,21.80666666666667,31.953333333333333,32.20666666666667
2021-04-09,21.80666666666667,31.953333333333333,32.20666666666667
2021-04-10,21.80666666666667,31.953333333333333,32.20666666666667
2021-04-11,21.80666666666667,31.953333333333333,32.20666666666667
2021-04-12,21.80666666666667,31.953333333333333,32.20666666666667
2021-04-13,21.80666666666667,31.953333333333333,32.20666666666667
2021-04-14,21.80666666666667,31.953333333333333,32.20666666666667
2021-04-15,21.80666666666667,31.953333333333333,32.20666666666667
2021-04-16,21.80666666666667,31.953333333333333,32.20666666666667
2021-04-17,21.80666666666667,31.953333333333333,32.20666666666667
2021-04-18,21.80666666666667,31.953333333333333,32.20666666666667
2021-04-19,21.80666666666667,31.953333333333333,32.20666666666667
2021-04-20,21.80666666666667,31.953333333333333,32.20666666666667
2021-04-21,21.80666666666667,31.953333333333333,32.20666666666667
2021-04-22,21.80666666666667,31.953333333333333,32.20666666666667
2021-04-23,21.80666666666667,31.953333333333333,32.20666666666667
2021-04-24,21.80666666666667,31.953333333333333,32.20666666666667
2021-04-25,21.80666666666667,31.953333333333333,32.20666666666667
2021-04-26,21.80666666666667,31.953333333333333,32.20666666666667
2021-04-27,21.80666666666667,31.953333333333333,32.20666666666667
2021-04-28,21.80666666666667,31.953333333333333,32.20666666666667
2021-04-29,21.80666666666667,31.953333333333333,32.20666666666667
2021-04-30,21.80666666666667,31.953333333333333,32.20666666666667
2021-05-01,21.80666666666667,31.953333333333333,32.20666666666667
2021-05-02,21.80666666666667,31.953333333333333,32.20666666666667
2021-05-03,21.80666666666667,31.953333333333333,32.20666666666667
2021-05-04,21.80666666666667,31.953333333333333,32.20666666666667
2021-05-05,21.80666666666667,31.953333333333333,32.20666666666667
2021-05-06,21.80666666666667,31.953333333333333,32.20666666666667
2021-05-07,21.80666666666667,31.953333333333333,32.20666666666667
2021-05-08,21.80666666666667,31.953333333333333,32.20666666666667
2021-05-09,21.80666666666667,31.953333333333333,32.20666666666667
2021-05-10,21.80666666666667,31.953333333333333,32.20666666666667
2021-05-11,21.80666666666667,31.953333333333333,32.20666666666667
2021-05-12,21.80666666666667,31.953333333333333,32.20666666666667
2021-05-13,21.80666666666667,31.953333333333333,32.20666666666667
2021-05-14,21.80666666666667,31.953333333333333,32.20666666666667
2021-05-15,21.80666666666667,31.953333333333333,32.20666666666667
2021-05-16,21.80666666666667,31.953333333333333,32.20666666666667
2021-05-17,21.80666666666667,31.953333333333333,32.20666666666667
2021-05-18,21.80666666666667,31.953333333333333,32.20666666666667
2021-05-19,21.80666666666667,31.953333333333333,32.20666666666667
2021-05-20,21.80666666666667,31.953333333333333,32.20666666666667
2021-05-21,21.80666666666667,31.953333333333333,32.20666666666667
2021-05-22,21.80666666666667,31.953333333333333,32.20666666666667
2021-05-23,21.80666666666667,31.953333333333333,32.20666666666667
2021-05-24,21.80666666666667,31.953333333333333,32.20666666666667
2021-05-25,21.80666666666667,31.953333333333333,32.20666666666667
2021-05-26,21.80666666666667,31.953333333333333,32.20666666666667
2021-05-27,21.80666666666667,31.953333333333333,32.20666666666667
2021-05-28,21.80666666666667,31.953333333333333,32.20666666666667
2021-05-29,21.80666666666667,31.953333333333333,32.20666666666667
2021-05-30,21.80666666666667,31.953333333333333,32.20666666666667
2021-05-31,21.80666666666667,31.953333333333333,32.20666666666667
2021-06-01,21.80666666666667,31.953333333333333,32.20666666666667
2021-06-02,21.80666666666667,31.953333333333333,32.20666666666667
2021-06-03,21.80666666666667,31.953333333333333,32.20666666666667
2021-06-04,21.80666666666667,31.953333333333333,32.20666666666667
2021-06-05,21.80666666666667,31.953333333333333,32.20666666666667
2021-06-06,21.80666666666667,31.953333333333333,32.20666666666667
2021-06-07,21.80666666666667,31.953333333333333,32.20666666666667
2021-06-08,21.80666666666667,31.953333333333333,32.20666666666667
2021-06-09,21.80666666666667,31.953333333333333,32.20666666666667
2021-06-10,21.80666666666667,31.953333333333333,32.20666666666667
2021-06-11,21.80666666666667,31.953333333333333,32.20666666666667
2021-06-12,21.80666666666667,31.953333333333333,32.20666666666667
2021-06-13,21.80666666666667,31.953333333333333,32.20666666666667
2021-06-14,21.80666666666667,31.953333333333333,32.20666666666667
2021-06-15,21.80666666666667,31.953333333333333,32.20666666666667
2021-06-16,21.80666666666667,31.953333333333333,32.20666666666667
2021-06-17,21.80666666666667,31.953333333333333,32.20666666666667
2021-06-18,21.80666666666667,31.953333333333333,32.20666666666667
2021-06-19,21.80666666666667,31.953333333333333,32.20666666666667
2021-06-20,21.80666666666667,31.953333333333333,32.20666666666667
2021-06-21,21.80666666666667,31.953333333333333,32.20666666666667
2021-06-22,21.80666666666667,31.953333333333333,32.20666666666667
2021-06-23,21.80666666666667,31.953333333333333,32.20666666666667
2021-06-24,21.80666666666667,31.953333333333333,32.20666666666667
2021-06-25,21.80666666666667,31.953333333333333,32.20666666666667
2021-06-26,21.80666666666667,31.953333333333333,32.20666666666667
2021-06-27,21.80666666666667,31.953333333333333,32.20666666666667
2021-06-28,21.80666666666667,31.953333333333333,32.20666666666667
2021-06-29,21.80666666666667,31.953333333333333,32.20666666666667
2021-06-30,21.80666666666667,31.953333333333333,32.20666666666667
2021-07-01,21.80666666666667,31.953333333333333,32.20666666666667
2021-07-02,21.80666666666667,31.953333333333333,32.20666666666667
2021-07-03,21.80666666666667,31.953333333333333,32.20666666666667
2021-07-04,21.80666666666667,31.953333333333333,32.20666666666667
2021-07-05,21.80666666666667,31.953333333333333,32.20666666666667
2021-07-06,21.80666666666667,31.953333333333333,32.20666666666667
2021-07-07,21.80666666666667,31.953333333333333,32.20666666666667
2021-07-08,21.80666666666667,31.953333333333333,32.20666666666667
2021-07-09,21.80666666666667,31.953333333333333,32.20666666666667
2021-07-10,21.80666666666667,31.953333333333333,32.20666666666667
2021-07-11,21.80666666666667,31.953333333333333,32.20666666666667
2021-07-12,21.80666666666667,31.953333333333333,32.20666666666667
2021-07-13,21.80666666666667,31.953333333333333,32.20666666666667
2021-07-14,21.80666666666667,31.953333333333333,32.20666666666667
2021-07-15,21.80666666666667,31.953333333333333,32.20666666666667
2021-07-16,21.80666666666667,31.953333333333333,32.20666666666667
2021-07-17,21.80666666666667,31.953333333333333,32.20666666666667
2021-07-18,21.80666666666667,31.953333333333333,32.20666666666667
2021-07-19,21.80666666666667,31.953333333333333,32.20666666666667
2021-07-20,21.80666666666667,31.953333333333333,32.20666666666667
2021-07-21,21.80666666666667,31.953333333333333,32.20666666666667
2021-07-22,21.80666666666667,31.953333333333333,32.20666666666667
2021-07-23,21.80666666666667,31.953333333333333,32.20666666666667
2021-07-24,21.80666666666667,31.953333333333333,32.20666666666667
2021-07-25,21.80666666666667,31.953333333333333,32.20666666666667
2021-07-26,21.80666666666667,31.953333333333333,32.20666666666667
2021-07-27,21.80666666666667,31.953333333333333,32.20666666666667
2021-07-28,21.80666666666667,31.953333333333333,32.20666666666667
2021-07-29,21.80666666666667,31.953333333333333,32.20666666666667
2021-07-30,21.80666666666667,31.953333333333333,32.20666666666667
2021-07-31,21.80666666666667,31.953333333333333,32.20666666666667
2021-08-01,21.80666666666667,31.953333333333333,32.20666666666667
2021-08-02,21.80666666666667,31.953333333333333,32.20666666666667
2021-08-03,21.80666666666667,31.953333333333333,32.20666666666667
2021-08-04,21.80666666666667,31.953333333333333,32.20666666666667
2021-08-05,21.80666666666667,31.953333333333333,32.20666666666667
2021-08-06,21.80666666666667,31.953333333333333,32.20666666666667
2021-08-07,21.80666666666667,31.953333333333333,32.20666666666667
2021-08-08,21.80666666666667,31.953333333333333,32.20666666666667
2021-08-09,21.80666666666667,31.953333333333333,32.20666666666667
2021-08-10,21.80666666666667,31.953333333333333,32.20666666666667
2021-08-11,21.80666666666667,31.953333333333333,32.20666666666667
2021-08-12,21.80666666666667,31.953333333333333,32.20666666666667
2021-08-13,21.80666666666667,31.953333333333333,32.20666666666667
2021-08-14,21.80666666666667,31.953333333333333,32.20666666666667
2021-08-15,21.80666666666667,31.953333333333333,32.20666666666667
2021-08-16,21.80666666666667,31.953333333333333,32.20666666666667
2021-08-17,21.80666666666667,31.953333333333333,32.20666666666667
2021-08-18,21.80666666666667,31.953333333333333,32.20666666666667
2021-08-19,21.80666666666667,31.953333333333333,32.20666666666667
2021-08-20,21.80666666666667,31.953333333333333,32.20666666666667
2021-08-21,21.80666666666667,31.953333333333333,32.20666666666667
2021-08-22,21.80666666666667,31.953333333333333,32.20666666666667
2021-08-23,21.80666666666667,31.953333333333333,32.20666666666667
2021-08-24,21.80666666666667,31.953333333333333,32.20666666666667
2021-08-25,21.80666666666667,31.953333333333333,32.20666666666667
2021-08-26,21.80666666666667,31.953333333333333,32.20666666666667
2021-08-27,21.80666666666667,31.953333333333333,32.20666666666667
2021-08-28,21.80666666666667,31.953333333333333,32.20666666666667
2021-08-29,21.80666666666667,31.953333333333333,32.20666666666667
2021-08-30,21.80666666666667,31.953333333333333,32.20666666666667
2021-08-31,21.80666666666667,31.953333333333333,32.20666666666667
2021-09-01,21.80666666666667,31.953333333333333,32.20666666666667
2021-09-02,21.80666666666667,31.953333333333333,32.20666666666667
2021-09-03,21.80666666666667,31.953333333333333,32.20666666666667
2021-09-04,21.80666666666667,31.953333333333333,32.20666666666667
2021-09-05,21.80666666666667,31.953333333333333,32.20666666666667
2021-09-06,21.80666666666667,31.953333333333333,32.20666666666667
2021-09-07,21.80666666666667,31.953333333333333,32.20666666666667
2021-09-08,21.80666666666667,31.953333333333333,32.20666666666667
2021-09-09,21.80666666666667,31.953333333333333,32.20666666666667
2021-09-10,21.80666666666667,31.953333333333333,32.20666666666667
2021-09-11,21.80666666666667,31.953333333333333,32.20666666666667
2021-09-12,21.80666666666667,31.953333333333333,32.20666666666667
2021-09-13,21.80666666666667,31.953333333333333,32.20666666666667
2021-09-14,21.80666666666667,31.953333333333333,32.20666666666667
2021-09-15,21.80666666666667,31.953333333333333,32.20666666666667
2021-09-16,21.80666666666667,31.953333333333333,32.20666666666667
2021-09-17,21.80666666666667,31.953333333333333,32.20666666666667
2021-09-18,21.80666666666667,31.953333333333333,32.20666666666667
2021-09-19,21.80666666666667,31.953333333333333,32.20666666666667
2021-09-20,21.80666666666667,31.953333333333333,32.20666666666667
2021-09-21,21.80666666666667,31.953333333333333,32.20666666666667
2021-09-22,21.80666666666667,31.953333333333333,32.20666666666667
2021-09-23,21.80666666666667,31.953333333333333,32.20666666666667
2021-09-24,21.80666666666667,31.953333333333333,32.20666666666667
2021-09-25,21.80666666666667,31.953333333333333,32.20666666666667
2021-09-26,21.80666666666667,31.953333333333333,32.20666666666667
2021-09-27,21.80666666666667,31.953333333333333,32.20666666666667
2021-09-28,21.80666666666667,31.953333333333333,32.20666666666667
2021-09-29,21.80666666666667,31.953333333333333,32.20666666666667
2021-09-30,21.80666666666667,31.953333333333333,32.20666666666667
2021-10-01,21.80666666666667,31.953333333333333,32.20666666666667
2021-10-02,21.80666666666667,31.953333333333333,32.20666666666667
2021-10-03,21.80666666666667,31.953333333333333,32.20666666666667
2021-10-04,21.80666666666667,31.953333333333333,32.20666666666667
2021-10-05,21.80666666666667,31.953333333333333,32.20666666666667
2021-10-06,21.80666666666667,31.953333333333333,32.20666666666667
2021-10-07,21.80666666666667,31.953333333333333,32.20666666666667
2021-10-08,21.80666666666667,31.953333333333333,32.20666666666667
2021-10-09,21.80666666666667,31.953333333333333,32.20666666666667
2021-10-10,21.80666666666667,31.953333333333333,32.20666666666667
2021-10-11,21.80666666666667,31.953333333333333,32.20666666666667
2021-10-12,21.80666666666667,31.953333333333333,32.20666666666667
2021-10-13,21.80666666666667,31.953333333333333,32.20666666666667
2021-10-14,21.80666666666667,31.953333333333333,32.20666666666667
2021-10-15,21.80666666666667,31.953333333333333,32.20666666666667
2021-10-16,21.80666666666667,31.953333333333333,32.20666666666667
2021-10-17,21.80666666666667,31.953333333333333,32.20666666666667
2021-10-18,21.80666666666667,31.953333333333333,32.20666666666667
2021-10-19,21.80666666666667,31.953333333333333,32.20666666666667
2021-10-20,21.80666666666667,31.953333333333333,32.20666666666667
2021-10-21,21.80666666666667,31.953333333333333,32.20666666666667
2021-10-22,21.80666666666667,31.953333333333333,32.20666666666667
2021-10-23,21.80666666666667,31.953333333333333,32.20666666666667
2021-10-24,21.80666666666667,31.953333333333333,32.20666666666667
2021-10-25,21.80666666666667,31.953333333333333,32.20666666666667
2021-10-26,21.80666666666667,31.953333333333333,32.20666666666667
2021-10-27,21.80666666666667,31.953333333333333,32.20666666666667
2021-10-28,21.80666666666667,31.953333333333333,32.20666666666667
2021-10-29,21.80666666666667,31.953333333333333,32.20666666666667
2021-10-30,21.80666666666667,31.953333333333333,32.20666666666667
2021-10-31,21.80666666666667,31.953333333333333,32.20666666666667
2021-11-01,21.80666666666667,31.953333333333333,32.20666666666667
2021-11-02,21.80666666666667,31.953333333333333,32.20666666666667
2021-11-03,21.80666666666667,31.953333333333333,32.20666666666667
2021-11-04,21.80666666666667,31.953333333333333,32.20666666666667
2021-11-05,21.80666666666667,31.953333333333333,32.20666666666667
2021-11-06,21.80666666666667,31.953333333333333,32.20666666666667
2021-11-07,21.80666666666667,31.953333333333333,32.20666666666667
2021-11-08,21.80666666666667,31.953333333333333,32.20666666666667
2021-11-09,21.80666666666667,31.953333333333333,32.20666666666667
2021-11-10,21.80666666666667,31.953333333333333,32.20666666666667
2021-11-11,21.80666666666667,31.953333333333333,32.20666666666667
2021-11-12,21.80666666666667,31.953333333333333,32.20666666666667
2021-11-13,21.80666666666667,31.953333333333333,32.20666666666667
2021-11-14,21.80666666666667,31.953333333333333,32.20666666666667
2021-11-15,21.80666666666667,31.953333333333333,32.20666666666667
2021-11-16,21.80666666666667,31.953333333333333,32.20666666666667
2021-11-17,21.80666666666667,31.953333333333333,32.20666666666667
2021-11-18,21.80666666666667,31.953333333333333,32.20666666666667
2021-11-19,21.80666666666667,31.953333333333333,32.20666666666667
2021-11-20,8.74,8.74,8.74
2021-11-21,18.54,26.150000000000002,26.34
2021-11-22,18.54,26.150000000000002,26.34
2021-11-23,18.54,26.150000000000002,26.34
2021-11-24,18.54,26.150000000000002,26.34
2021-11-25,18.54,26.150000000000002,26.34
2021-11-26,18.54,26.150000000000002,26.34
2021-11-27,18.54,26.150000000000002,26.34
2021-11-28,18.54,26.150000000000002,26.34
2021-11-29,18.54,26.150000000000002,26.34
2021-11-30,18.54,26.150000000000002,26.34
2021-12-01,18.54,26.150000000000002,26.34
2021-12-02,18.54,26.150000000000002,26.34
2021-12-03,18.54,26.150000000000002,26.34
2021-12-04,18.54,26.150000000000002,26.34
2021-12-05,18.54,26.150000000000002,26.34
2021-12-06,18.54,26.150000000000002,26.34
2021-12-07,18.54,26.150000000000002,26.34
2021-12-08,18.54,26.150000000000002,26.34
2021-12-09,18.54,26.150000000000002,26.34
2021-12-10,18.54,26.150000000000002,26.34
2021-12-11,18.54,26.150000000000002,26.34
2021-12-12,18.54,26.150000000000002,26.34
2021-12-13,18.54,26.150000000000002,26.34
2021-12-14,18.54,26.150000000000002,26.34
2021-12-15,18.54,26.150000000000002,26.34
2021-12-16,18.54,26.150000000000002,26.34
2021-12-17,18.54,26.150000000000002,26.34
2021-12-18,18.54,26.150000000000002,26.34
2021-12-19,18.54,26.150000000000002,26.34
2021-12-20,18.54,26.150000000000002,26.34
2021-12-21,18.54,26.150000000000002,26.34
2021-12-22,18.54,26.150000000000002,26.34
2021-12-23,18.54,26.150000000000002,26.34
2021-12-24,18.54,26.150000000000002,26.34
2021-12-25,18.54,26.150000000000002,26.34
2021-12-26,18.54,26.150000000000002,26.34
2021-12-27,18.54,26.150000000000002,26.34
2021-12-28,18.54,26.150000000000002,26.34
2021-12-29,18.54,26.150000000000002,26.34
2021-12-30,18.54,26.150000000000002,26.34
2021-12-31,18.54,26.150000000000002,26.34
2022-01-01,18.54,26.150000000000002,26.34
2022-01-02,18.54,26.150000000000002,26.34
2022-01-03,18.54,26.150000000000002,26.34
2022-01-04,18.54,26.150000000000002,26.34
2022-01-05,18.54,26.150000000000002,26.34
2022-01-06,18.54,26.150000000000002,26.34
2022-01-07,18.54,26.150000000000002,26.34
2022-01-08,18.54,26.150000000000002,26.34
2022-01-09,18.54,26.150000000000002,26.34
2022-01-10,18.54,26.150000000000002,26.34
2022-01-11,18.54,26.150000000000002,26.34
2022-01-12,18.54,26.150000000000002,26.34
2022-01-13,18.54,26.150000000000002,26.34
2022-01-14,18.54,26.150000000000002,26.34
2022-01-15,18.54,26.150000000000002,26.34
2022-01-16,18.54,26.150000000000002,26.34
2022-01-17,18.54,26.150000000000002,26.34
2022-01-18,18.54,26.150000000000002,26.34
2022-01-19,18.54,26.150000000000002,26.34
2022-01-20,18.54,26.150000000000002,26.34
2022-01-21,3.0,19.16,40.0
2022-01-22,15.431999999999999,24.752000000000002,29.072000000000003
2022-01-23,15.431999999999999,24.752000000000002,29.072000000000003
2022-01-24,15.431999999999999,24.752000000000002,29.072000000000003
2022-01-25,15.431999999999999,24.752000000000002,29.072000000000003
2022-01-26,15.431999999999999,24.752000000000002,29.072000000000003
2022-01-27,3.33,4.67,6.0
2022-01-28,13.415000000000001,21.405,25.22666666666667
2022-01-29,13.415000000000001,21.405,25.22666666666667
2022-01-30,13.415000000000001,21.405,25.22666666666667
2022-01-31,13.415000000000001,21.405,25.22666666666667
2022-02-01,13.415000000000001,21.405,25.22666666666667
2022-02-02,2.5,12.25,59.78
2022-02-03,11.855714285714287,20.09714285714286,30.162857142857142
2022-02-04,11.855714285714287,20.09714285714286,30.162857142857142
2022-02-05,11.855714285714287,20.09714285714286,30.162857142857142
2022-02-06,11.855714285714287,20.09714285714286,30.162857142857142
2022-02-07,11.855714285714287,20.09714285714286,30.162857142857142
2022-02-08,11.855714285714287,20.09714285714286,30.162857142857142
2022-02-09,11.855714285714287,20.09714285714286,30.162857142857142
2022-02-10,11.855714285714287,20.09714285714286,30.162857142857142
2022-02-11,11.855714285714287,20.09714285714286,30.162857142857142
2022-02-12,11.855714285714287,20.09714285714286,30.162857142857142
2022-02-13,11.855714285714287,20.09714285714286,30.162857142857142
2022-02-14,11.855714285714287,20.09714285714286,30.162857142857142
2022-02-15,9.77,14.13,29.35
2022-02-16,11.595,19.35125,30.06125
2022-02-17,11.595,19.35125,30.06125
2022-02-18,11.595,19.35125,30.06125
2022-02-19,11.595,19.35125,30.06125
2022-02-20,11.595,19.35125,30.06125
2022-02-21,11.595,19.35125,30.06125
2022-02-22,11.595,19.35125,30.06125
2022-02-23,11.595,19.35125,30.06125
2022-02-24,11.595,19.35125,30.06125
2022-02-25,11.595,19.35125,30.06125
2022-02-26,11.595,19.35125,30.06125
2022-02-27,11.595,19.35125,30.06125
2022-02-28,11.595,19.35125,30.06125
2022-03-01,11.595,19.35125,30.06125
2022-03-02,11.595,19.35125,30.06125
2022-03-03,11.595,19.35125,30.06125
2022-03-04,11.595,19.35125,30.06125
2022-03-05,11.595,19.35125,30.06125
2022-03-06,11.595,19.35125,30.06125
2022-03-07,11.595,19.35125,30.06125
2022-03-08,11.595,19.35125,30.06125
2022-03-09,11.595,19.35125,30.06125
2022-03-10,11.595,19.35125,30.06125
2022-03-11,11.595,19.35125,30.06125
2022-03-12,11.595,19.35125,30.06125
2022-03-13,11.595,19.35125,30.06125
2022-03-14,11.595,19.35125,30.06125
2022-03-15,11.595,19.35125,30.06125
2022-03-16,11.595,19.35125,30.06125
2022-03-17,11.595,19.35125,30.06125
2022-03-18,11.595,19.35125,30.06125
2022-03-19,11.595,19.35125,30.06125
2022-03-20,11.595,19.35125,30.06125
2022-03-21,11.595,19.35125,30.06125
2022-03-22,11.595,19.35125,30.06125
2022-03-23,11.595,19.35125,30.06125
2022-03-24,11.595,19.35125,30.06125
2022-03-25,11.595,19.35125,30.06125
2022-03-26,11.595,19.35125,30.06125
2022-03-27,11.595,19.35125,30.06125
2022-03-28,11.595,19.35125,30.06125
2022-03-29,11.595,19.35125,30.06125
2022-03-30,11.595,19.35125,30.06125
2022-03-31,11.595,19.35125,30.06125
2022-04-01,11.595,19.35125,30.06125
2022-04-02,11.595,19.35125,30.06125
2022-04-03,11.595,19.35125,30.06125
2022-04-04,11.595,19.35125,30.06125
2022-04-05,11.595,19.35125,30.06125
2022-04-06,11.595,19.35125,30.06125
2022-04-07,11.595,19.35125,30.06125
2022-04-08,11.595,19.35125,30.06125
2022-04-09,11.595,19.35125,30.06125
2022-04-10,11.595,19.35125,30.06125
2022-04-11,11.595,19.35125,30.06125
2022-04-12,11.595,19.35125,30.06125
2022-04-13,11.595,19.35125,30.06125
2022-04-14,11.595,19.35125,30.06125
2022-04-15,11.595,19.35125,30.06125
2022-04-16,11.595,19.35125,30.06125
2022-04-17,11.595,19.35125,30.06125
2022-04-18,11.595,19.35125,30.06125
2022-04-19,11.595,19.35125,30.06125
2022-04-20,11.595,19.35125,30.06125
2022-04-21,11.595,19.35125,30.06125
2022-04-22,11.595,19.35125,30.06125
2022-04-23,11.595,19.35125,30.06125
2022-04-24,11.595,19.35125,30.06125
2022-04-25,11.595,19.35125,30.06125
2022-04-26,11.595,19.35125,30.06125
2022-04-27,11.595,19.35125,30.06125
2022-04-28,11.595,19.35125,30.06125
2022-04-29,11.595,19.35125,30.06125
2022-04-30,11.595,19.35125,30.06125
2022-05-01,11.595,19.35125,30.06125
2022-05-02,11.595,19.35125,30.06125
2022-05-03,11.595,19.35125,30.06125
2022-05-04,11.595,19.35125,30.06125
2022-05-05,11.595,19.35125,30.06125
2022-05-06,11.595,19.35125,30.06125
2022-05-07,11.595,19.35125,30.06125
2022-05-08,11.595,19.35125,30.06125
2022-05-09,11.595,19.35125,30.06125
2022-05-10,11.595,19.35125,30.06125
2022-05-11,11.595,19.35125,30.06125
2022-05-12,11.595,19.35125,30.06125
2022-05-13,11.595,19.35125,30.06125
2022-05-14,11.595,19.35125,30.06125
2022-05-15,11.595,19.35125,30.06125
2022-05-16,11.595,19.35125,30.06125
2022-05-17,11.595,19.35125,30.06125
2022-05-18,11.595,19.35125,30.06125
2022-05-19,11.595,19.35125,30.06125
2022-05-20,11.595,19.35125,30.06125
2022-05-21,11.595,19.35125,30.06125
2022-05-22,11.595,19.35125,30.06125
2022-05-23,11.595,19.35125,30.06125
2022-05-24,11.595,19.35125,30.06125
2022-05-25,11.595,19.35125,30.06125
2022-05-26,11.595,19.35125,30.06125
2022-05-27,11.595,19.35125,30.06125
2022-05-28,11.595,19.35125,30.06125
2022-05-29,11.595,19.35125,30.06125
2022-05-30,11.595,19.35125,30.06125
2022-05-31,11.595,19.35125,30.06125
2022-06-01,1.0,1.7,3.98
2022-06-02,10.41777777777778,17.39,27.163333333333334
2022-06-03,10.41777777777778,17.39,27.163333333333334
2022-06-04,10.41777777777778,17.39,27.163333333333334
2022-06-05,10.41777777777778,17.39,27.163333333333334
2022-06-06,10.41777777777778,17.39,27.163333333333334
2022-06-07,10.41777777777778,17.39,27.163333333333334
2022-06-08,10.41777777777778,17.39,27.163333333333334
2022-06-09,10.41777777777778,17.39,27.163333333333334
2022-06-10,10.41777777777778,17.39,27.163333333333334
2022-06-11,10.41777777777778,17.39,27.163333333333334
2022-06-12,10.41777777777778,17.39,27.163333333333334
2022-06-13,10.41777777777778,17.39,27.163333333333334
2022-06-14,10.41777777777778,17.39,27.163333333333334
2022-06-15,10.41777777777778,17.39,27.163333333333334
2022-06-16,10.41777777777778,17.39,27.163333333333334
2022-06-17,10.41777777777778,17.39,27.163333333333334
2022-06-18,10.41777777777778,17.39,27.163333333333334
2022-06-19,10.41777777777778,17.39,27.163333333333334
2022-06-20,10.41777777777778,17.39,27.163333333333334
2022-06-21,10.41777777777778,17.39,27.163333333333334
2022-06-22,10.41777777777778,17.39,27.163333333333334
2022-06-23,10.41777777777778,17.39,27.163333333333334
2022-06-24,10.41777777777778,17.39,27.163333333333334
2022-06-25,10.41777777777778,17.39,27.163333333333334
2022-06-26,10.41777777777778,17.39,27.163333333333334
2022-06-27,10.41777777777778,17.39,27.163333333333334
2022-06-28,10.41777777777778,17.39,27.163333333333334
2022-06-29,10.41777777777778,17.39,27.163333333333334
2022-06-30,10.41777777777778,17.39,27.163333333333334
2022-07-01,10.41777777777778,17.39,27.163333333333334
2022-07-02,10.41777777777778,17.39,27.163333333333334
2022-07-03,10.41777777777778,17.39,27.163333333333334
2022-07-04,10.41777777777778,17.39,27.163333333333334
2022-07-05,10.41777777777778,17.39,27.163333333333334
2022-07-06,10.41777777777778,17.39,27.163333333333334
2022-07-07,10.41777777777778,17.39,27.163333333333334
2022-07-08,10.41777777777778,17.39,27.163333333333334
2022-07-09,10.41777777777778,17.39,27.163333333333334
2022-07-10,10.41777777777778,17.39,27.163333333333334
2022-07-11,10.41777777777778,17.39,27.163333333333334
2022-07-12,10.41777777777778,17.39,27.163333333333334
2022-07-13,10.41777777777778,17.39,27.163333333333334
2022-07-14,10.41777777777778,17.39,27.163333333333334
2022-07-15,10.41777777777778,17.39,27.163333333333334
2022-07-16,10.41777777777778,17.39,27.163333333333334
2022-07-17,10.41777777777778,17.39,27.163333333333334
2022-07-18,10.41777777777778,17.39,27.163333333333334
2022-07-19,10.41777777777778,17.39,27.163333333333334
2022-07-20,10.41777777777778,17.39,27.163333333333334
2022-07-21,10.41777777777778,17.39,27.163333333333334
2022-07-22,10.41777777777778,17.39,27.163333333333334
2022-07-23,10.41777777777778,17.39,27.163333333333334
2022-07-24,10.41777777777778,17.39,27.163333333333334
2022-07-25,10.41777777777778,17.39,27.163333333333334
2022-07-26,10.41777777777778,17.39,27.163333333333334
2022-07-27,10.41777777777778,17.39,27.163333333333334
2022-07-28,10.41777777777778,17.39,27.163333333333334
2022-07-29,10.41777777777778,17.39,27.163333333333334
2022-07-30,10.41777777777778,17.39,27.163333333333334
2022-07-31,10.41777777777778,17.39,27.163333333333334
2022-08-01,10.41777777777778,17.39,27.163333333333334
2022-08-02,10.41777777777778,17.39,27.163333333333334
2022-08-03,10.41777777777778,17.39,27.163333333333334
2022-08-04,10.41777777777778,17.39,27.163333333333334
2022-08-05,10.41777777777778,17.39,27.163333333333334
2022-08-06,10.41777777777778,17.39,27.163333333333334
2022-08-07,10.41777777777778,17.39,27.163333333333334
2022-08-08,10.41777777777778,17.39,27.163333333333334
2022-08-09,10.41777777777778,17.39,27.163333333333334
2022-08-10,10.41777777777778,17.39,27.163333333333334
2022-08-11,10.41777777777778,17.39,27.163333333333334
2022-08-12,10.41777777777778,17.39,27.163333333333334
2022-08-13,10.41777777777778,17.39,27.163333333333334
2022-08-14,10.41777777777778,17.39,27.163333333333334
2022-08-15,10.41777777777778,17.39,27.163333333333334
2022-08-16,10.41777777777778,17.39,27.163333333333334
2022-08-17,10.41777777777778,17.39,27.163333333333334
2022-08-18,10.41777777777778,17.39,27.163333333333334
2022-08-19,10.41777777777778,17.39,27.163333333333334
2022-08-20,10.41777777777778,17.39,27.163333333333334
2022-08-21,10.41777777777778,17.39,27.163333333333334
2022-08-22,10.41777777777778,17.39,27.163333333333334
2022-08-23,10.41777777777778,17.39,27.163333333333334
2022-08-24,10.41777777777778,17.39,27.163333333333334
2022-08-25,4.89,10.87,30.43
2022-08-26,9.865,16.738,27.49
2022-08-27,9.865,16.738,27.49
2022-08-28,9.865,16.738,27.49
2022-08-29,9.865,16.738,27.49
2022-08-30,9.865,16.738,27.49
2022-08-31,9.865,16.738,27.49
2022-09-01,9.865,16.738,27.49
2022-09-02,9.865,16.738,27.49
2022-09-03,9.865,16.738,27.49
2022-09-04,9.865,16.738,27.49
2022-09-05,9.865,16.738,27.49
2022-09-06,9.865,16.738,27.49
2022-09-07,9.865,16.738,27.49
2022-09-08,9.865,16.738,27.49
2022-09-09,9.865,16.738,27.49
2022-09-10,9.865,16.738,27.49
2022-09-11,9.865,16.738,27.49
2022-09-12,9.865,16.738,27.49
2022-09-13,9.865,16.738,27.49
2022-09-14,9.865,16.738,27.49
2022-09-15,9.865,16.738,27.49
2022-09-16,9.865,16.738,27.49
2022-09-17,9.865,16.738,27.49
2022-09-18,9.865,16.738,27.49
2022-09-19,9.865,16.738,27.49
2022-09-20,9.865,16.738,27.49
2022-09-21,9.865,16.738,27.49
2022-09-22,9.865,16.738,27.49
2022-09-23,9.865,16.738,27.49
2022-09-24,9.865,16.738,27.49
2022-09-25,9.865,16.738,27.49
2022-09-26,9.865,16.738,27.49
2022-09-27,9.865,16.738,27.49
2022-09-28,9.865,16.738,27.49
2022-09-29,9.865,16.738,27.49
2022-09-30,9.865,16.738,27.49
2022-10-01,9.865,16.738,27.49
2022-10-02,9.865,16.738,27.49
2022-10-03,9.865,16.738,27.49
2022-10-04,9.865,16.738,27.49
2022-10-05,9.865,16.738,27.49
2022-10-06,9.865,16.738,27.49
2022-10-07,9.865,16.738,27.49
2022-10-08,9.865,16.738,27.49
2022-10-09,9.865,16.738,27.49
2022-10-10,9.865,16.738,27.49
2022-10-11,9.865,16.738,27.49
2022-10-12,9.865,16.738,27.49
2022-10-13,9.865,16.738,27.49
2022-10-14,9.865,16.738,27.49
2022-10-15,9.865,16.738,27.49
2022-10-16,9.865,16.738,27.49
2022-10-17,9.865,16.738,27.49
2022-10-18,9.865,16.738,27.49
2022-10-19,9.865,16.738,27.49
2022-10-20,9.865,16.738,27.49
2022-10-21,9.865,16.738,27.49
2022-10-22,9.865,16.738,27.49
2022-10-23,9.865,16.738,27.49
2022-10-24,9.865,16.738,27.49
2022-10-25,9.865,16.738,27.49
2022-10-26,9.865,16.738,27.49
2022-10-27,9.865,16.738,27.49
2022-10-28,9.77,21.74,37.5
2022-10-29,9.856363636363637,17.19272727272727,28.4
2022-10-30,9.856363636363637,17.19272727272727,28.4
2022-10-31,9.856363636363637,17.19272727272727,28.4
2022-11-01,9.856363636363637,17.19272727272727,28.4
2022-11-02,9.856363636363637,17.19272727272727,28.4
2022-11-03,9.856363636363637,17.19272727272727,28.4
2022-11-04,9.856363636363637,17.19272727272727,28.4
2022-11-05,9.856363636363637,17.19272727272727,28.4
2022-11-06,9.856363636363637,17.19272727272727,28.4
2022-11-07,9.856363636363637,17.19272727272727,28.4
2022-11-08,9.856363636363637,17.19272727272727,28.4
2022-11-09,9.856363636363637,17.19272727272727,28.4
2022-11-10,9.856363636363637,17.19272727272727,28.4
2022-11-11,9.856363636363637,17.19272727272727,28.4
2022-11-12,9.856363636363637,17.19272727272727,28.4
2022-11-13,9.856363636363637,17.19272727272727,28.4
2022-11-14,9.856363636363637,17.19272727272727,28.4
2022-11-15,9.856363636363637,17.19272727272727,28.4
2022-11-16,9.856363636363637,17.19272727272727,28.4
2022-11-17,9.856363636363637,17.19272727272727,28.4
2022-11-18,9.856363636363637,17.19272727272727,28.4
2022-11-19,9.856363636363637,17.19272727272727,28.4
2022-11-20,9.856363636363637,17.19272727272727,28.4
2022-11-21,9.856363636363637,17.19272727272727,28.4
2022-11-22,9.856363636363637,17.19272727272727,28.4
2022-11-23,9.856363636363637,17.19272727272727,28.4
2022-11-24,9.856363636363637,17.19272727272727,28.4
2022-11-25,9.856363636363637,17.19272727272727,28.4
2022-11-26,9.856363636363637,17.19272727272727,28.4
2022-11-27,9.856363636363637,17.19272727272727,28.4
2022-11-28,9.856363636363637,17.19272727272727,28.4
2022-11-29,9.856363636363637,17.19272727272727,28.4
2022-11-30,9.856363636363637,17.19272727272727,28.4
2022-12-01,9.856363636363637,17.19272727272727,28.4
2022-12-02,9.856363636363637,17.19272727272727,28.4
2022-12-03,1.24,2.67,5.01
2022-12-04,9.138333333333334,15.9825,26.450833333333335
2022-12-05,9.138333333333334,15.9825,26.450833333333335
2022-12-06,9.138333333333334,15.9825,26.450833333333335
2022-12-07,9.138333333333334,15.9825,26.450833333333335
2022-12-08,9.138333333333334,15.9825,26.450833333333335
2022-12-09,9.138333333333334,15.9825,26.450833333333335
2022-12-10,9.138333333333334,15.9825,26.450833333333335
2022-12-11,1.44,5.205,9.004999999999999
2022-12-12,8.546153846153846,15.153461538461539,25.108846153846155
2022-12-13,8.546153846153846,15.153461538461539,25.108846153846155
2022-12-14,8.546153846153846,15.153461538461539,25.108846153846155
2022-12-15,8.546153846153846,15.153461538461539,25.108846153846155
2022-12-16,8.546153846153846,15.153461538461539,25.108846153846155
2022-12-17,8.546153846153846,15.153461538461539,25.108846153846155
2022-12-18,8.546153846153846,15.153461538461539,25.108846153846155
2022-12-19,8.546153846153846,15.153461538461539,25.108846153846155
2022-12-20,8.546153846153846,15.153461538461539,25.108846153846155
2022-12-21,8.546153846153846,15.153461538461539,25.108846153846155
2022-12-22,8.546153846153846,15.153461538461539,25.108846153846155
2022-12-23,8.546153846153846,15.153461538461539,25.108846153846155
2022-12-24,8.546153846153846,15.153461538461539,25.108846153846155
2022-12-25,8.546153846153846,15.153461538461539,25.108846153846155
2022-12-26,0.54,1.36,4.34
2022-12-27,7.974285714285714,14.168214285714287,23.625357142857144
2022-12-28,7.974285714285714,14.168214285714287,23.625357142857144
2022-12-29,7.974285714285714,14.168214285714287,23.625357142857144
2022-12-30,7.974285714285714,14.168214285714287,23.625357142857144
2022-12-31,7.974285714285714,14.168214285714287,23.625357142857144
2023-01-01,7.974285714285714,14.168214285714287,23.625357142857144
2023-01-02,7.974285714285714,14.168214285714287,23.625357142857144
2023-01-03,7.974285714285714,14.168214285714287,23.625357142857144
2023-01-04,7.974285714285714,14.168214285714287,23.625357142857144
2023-01-05,7.974285714285714,14.168214285714287,23.625357142857144
2023-01-06,7.974285714285714,14.168214285714287,23.625357142857144
2023-01-07,7.974285714285714,14.168214285714287,23.625357142857144
2023-01-08,7.974285714285714,14.168214285714287,23.625357142857144
2023-01-09,7.974285714285714,14.168214285714287,23.625357142857144
2023-01-10,7.974285714285714,14.168214285714287,23.625357142857144
2023-01-11,7.974285714285714,14.168214285714287,23.625357142857144
2023-01-12,7.974285714285714,14.168214285714287,23.625357142857144
2023-01-13,7.974285714285714,14.168214285714287,23.625357142857144
2023-01-14,7.974285714285714,14.168214285714287,23.625357142857144
2023-01-15,7.974285714285714,14.168214285714287,23.625357142857144
2023-01-16,7.974285714285714,14.168214285714287,23.625357142857144
2023-01-17,7.974285714285714,14.168214285714287,23.625357142857144
2023-01-18,7.974285714285714,14.168214285714287,23.625357142857144
2023-01-19,7.974285714285714,14.168214285714287,23.625357142857144
2023-01-20,7.974285714285714,14.168214285714287,23.625357142857144
2023-01-21,7.974285714285714,14.168214285714287,23.625357142857144
2023-01-22,7.974285714285714,14.168214285714287,23.625357142857144
2023-01-23,7.974285714285714,14.168214285714287,23.625357142857144
2023-01-24,7.974285714285714,14.168214285714287,23.625357142857144
2023-01-25,7.974285714285714,14.168214285714287,23.625357142857144
2023-01-26,7.974285714285714,14.168214285714287,23.625357142857144
2023-01-27,7.974285714285714,14.168214285714287,23.625357142857144
2023-01-28,7.974285714285714,14.168214285714287,23.625357142857144
2023-01-29,7.974285714285714,14.168214285714287,23.625357142857144
2023-01-30,7.974285714285714,14.168214285714287,23.625357142857144
2023-01-31,7.974285714285714,14.168214285714287,23.625357142857144
2023-02-01,7.974285714285714,14.168214285714287,23.625357142857144
2023-02-02,7.974285714285714,14.168214285714287,23.625357142857144
2023-02-03,7.974285714285714,14.168214285714287,23.625357142857144
2023-02-04,7.974285714285714,14.168214285714287,23.625357142857144
2023-02-05,7.974285714285714,14.168214285714287,23.625357142857144
2023-02-06,7.974285714285714,14.168214285714287,23.625357142857144
2023-02-07,7.974285714285714,14.168214285714287,23.625357142857144
2023-02-08,7.974285714285714,14.168214285714287,23.625357142857144
2023-02-09,7.974285714285714,14.168214285714287,23.625357142857144
2023-02-10,7.974285714285714,14.168214285714287,23.625357142857144
2023-02-11,7.974285714285714,14.168214285714287,23.625357142857144
2023-02-12,7.974285714285714,14.168214285714287,23.625357142857144
2023-02-13,7.974285714285714,14.168214285714287,23.625357142857144
2023-02-14,7.974285714285714,14.168214285714287,23.625357142857144
2023-02-15,7.974285714285714,14.168214285714287,23.625357142857144
2023-02-16,7.974285714285714,14.168214285714287,23.625357142857144
2023-02-17,7.974285714285714,14.168214285714287,23.625357142857144
2023-02-18,7.974285714285714,14.168214285714287,23.625357142857144
2023-02-19,7.974285714285714,14.168214285714287,23.625357142857144
2023-02-20,7.974285714285714,14.168214285714287,23.625357142857144
2023-02-21,7.974285714285714,14.168214285714287,23.625357142857144
2023-02-22,7.974285714285714,14.168214285714287,23.625357142857144
2023-02-23,7.974285714285714,14.168214285714287,23.625357142857144
2023-02-24,7.974285714285714,14.168214285714287,23.625357142857144
2023-02-25,7.974285714285714,14.168214285714287,23.625357142857144
2023-02-26,7.974285714285714,14.168214285714287,23.625357142857144
2023-02-27,7.974285714285714,14.168214285714287,23.625357142857144
2023-02-28,1.09,8.7,22.22
2023-03-01,7.515333333333333,13.803666666666667,23.53166666666667
2023-03-02,7.515333333333333,13.803666666666667,23.53166666666667
2023-03-03,17.99,20.95,23.91
2023-03-04,8.17,14.2503125,23.5553125
2023-03-05,8.17,14.2503125,23.5553125
2023-03-06,8.17,14.2503125,23.5553125
2023-03-07,8.17,14.2503125,23.5553125
2023-03-08,8.17,14.2503125,23.5553125
2023-03-09,8.17,14.2503125,23.5553125
2023-03-10,8.17,14.2503125,23.5553125
2023-03-11,8.17,14.2503125,23.5553125
2023-03-12,8.17,14.2503125,23.5553125
2023-03-13,8.17,14.2503125,23.5553125
2023-03-14,8.17,14.2503125,23.5553125
2023-03-15,8.17,14.2503125,23.5553125
2023-03-16,8.17,14.2503125,23.5553125
2023-03-17,8.17,14.2503125,23.5553125
2023-03-18,8.17,14.2503125,23.5553125
2023-03-19,8.17,14.2503125,23.5553125
2023-03-20,8.17,14.2503125,23.5553125
2023-03-21,8.17,14.2503125,23.5553125
2023-03-22,8.17,14.2503125,23.5553125
2023-03-23,8.17,14.2503125,23.5553125
2023-03-24,8.17,14.2503125,23.5553125
2023-03-25,8.17,14.2503125,23.5553125
2023-03-26,8.17,14.2503125,23.5553125
2023-03-27,8.17,14.2503125,23.5553125
2023-03-28,8.17,14.2503125,23.5553125
2023-03-29,8.17,14.2503125,23.5553125
2023-03-30,8.17,14.2503125,23.5553125
2023-03-31,8.17,14.2503125,23.5553125
2023-04-01,8.17,14.2503125,23.5553125
2023-04-02,12.99,21.0,30.0
2023-04-03,8.453529411764706,14.64735294117647,23.93441176470588
2023-04-04,8.453529411764706,14.64735294117647,23.93441176470588
2023-04-05,8.453529411764706,14.64735294117647,23.93441176470588
2023-04-06,8.453529411764706,14.64735294117647,23.93441176470588
2023-04-07,0.62,2.03,3.8
2023-04-08,8.018333333333334,13.946388888888889,22.815833333333334
2023-04-09,8.018333333333334,13.946388888888889,22.815833333333334
2023-04-10,8.018333333333334,13.946388888888889,22.815833333333334
2023-04-11,8.018333333333334,13.946388888888889,22.815833333333334
2023-04-12,8.018333333333334,13.946388888888889,22.815833333333334
2023-04-13,8.018333333333334,13.946388888888889,22.815833333333334
2023-04-14,8.018333333333334,13.946388888888889,22.815833333333334
2023-04-15,8.018333333333334,13.946388888888889,22.815833333333334
2023-04-16,8.018333333333334,13.946388888888889,22.815833333333334
2023-04-17,8.018333333333334,13.946388888888889,22.815833333333334
2023-04-18,1.505,3.285,5.425
2023-04-19,2.5,5.98,21.24
2023-04-20,16.67,16.67,16.67
2023-04-21,7.857380952380952,13.18904761904762,21.619999999999997
2023-04-22,7.857380952380952,13.18904761904762,21.619999999999997
2023-04-23,7.857380952380952,13.18904761904762,21.619999999999997
2023-04-24,7.857380952380952,13.18904761904762,21.619999999999997
2023-04-25,1.63,2.85,4.34
2023-04-26,5.0,12.39,32.68
2023-04-27,8.68,29.84,60.0
2023-04-28,7.513125,13.418750000000001,22.959999999999997
2023-04-29,7.513125,13.418750000000001,22.959999999999997
2023-04-30,0.1,2.0,6.0
2023-05-01,7.2166,12.962,22.281599999999997
2023-05-02,7.2166,12.962,22.281599999999997
2023-05-03,7.2166,12.962,22.281599999999997
2023-05-04,8.15,20.0,30.42
2023-05-05,7.2524999999999995,13.232692307692307,22.594615384615388
2023-05-06,7.2524999999999995,13.232692307692307,22.594615384615388
2023-05-07,7.2524999999999995,13.232692307692307,22.594615384615388
2023-05-08,16.0,24.99,39.95
2023-05-09,8.675,12.559999999999999,27.72
2023-05-10,7.615714285714286,13.62857142857143,23.3975
2023-05-11,7.615714285714286,13.62857142857143,23.3975
2023-05-12,0.46,1.14,7.6
2023-05-13,0.99,2.0,12.03
2023-05-14,1.07,1.77,108.7
2023-05-15,6.96,12.468064516129031,25.272903225806452
2023-05-16,0.45,1.74,12.0
2023-05-17,6.7565625,12.1328125,24.858125
2023-05-18,6.7565625,12.1328125,24.858125
2023-05-19,6.7565625,12.1328125,24.858125
2023-05-20,45.666666666666664,66.48333333333333,131.08333333333334
2023-05-21,34.365,72.86500000000001,107.175
2023-05-22,0.06,1.28,8.53
